{"stats":{"minecraft:killed":{"alexsmobs:fly":1},"minecraft:picked_up":{"biomesoplenty:lavender":58,"minecraft:wheat":14,"minecraft:torch":1,"minecraft:dandelion":6,"minecraft:oak_log":10,"biomesoplenty:jacaranda_planks":64,"minecraft:dirt":46,"biomesoplenty:tall_lavender":5,"minecraft:wheat_seeds":44,"minecraft:coal":17,"minecraft:cobblestone":6},"minecraft:dropped":{"minecraft:wheat_seeds":1,"minecraft:torch":1},"minecraft:mined":{"biomesoplenty:tall_lavender":4,"minecraft:wheat":14,"biomesoplenty:lavender":59,"minecraft:dandelion":6,"minecraft:coal_ore":19,"minecraft:grass_block":13,"minecraft:grass":50,"minecraft:oak_log":10,"minecraft:dirt":3,"minecraft:tall_grass":2,"minecraft:stone":5,"minecraft:oak_leaves":3},"minecraft:crafted":{"minecraft:cooked_beef":11,"minecraft:oak_planks":16,"minecraft:iron_boots":1,"minecraft:iron_chestplate":1,"minecraft:shield":1,"minecraft:iron_axe":1,"minecraft:iron_hoe":1,"minecraft:stick":12,"minecraft:iron_ingot":11,"minecraft:iron_pickaxe":1,"minecraft:iron_helmet":1,"minecraft:iron_sword":1,"minecraft:iron_shovel":1,"minecraft:iron_leggings":1,"minecraft:bone_meal":36,"minecraft:bucket":1,"minecraft:torch":12,"minecraft:bread":4},"minecraft:custom":{"minecraft:time_since_rest":890,"minecraft:interact_with_furnace":5,"minecraft:sprint_one_cm":98584,"minecraft:damage_taken":264,"minecraft:walk_one_cm":107659,"minecraft:damage_blocked_by_shield":420,"minecraft:mob_kills":1,"minecraft:drop":2,"minecraft:damage_dealt":94,"minecraft:swim_one_cm":19358,"minecraft:interact_with_crafting_table":15,"minecraft:fly_one_cm":4693542,"minecraft:open_chest":17,"minecraft:crouch_one_cm":1379,"minecraft:play_time":37358,"minecraft:sneak_time":253,"minecraft:walk_under_water_one_cm":3458,"minecraft:jump":611,"minecraft:leave_game":1,"minecraft:walk_on_water_one_cm":6025,"minecraft:time_since_death":37358,"minecraft:sleep_in_bed":1,"minecraft:total_world_time":37358,"minecraft:fall_one_cm":18646},"minecraft:used":{"minecraft:wheat_seeds":38,"minecraft:iron_hoe":31,"minecraft:water_bucket":3,"minecraft:iron_shovel":16,"minecraft:iron_axe":6,"minecraft:bread":4,"biomesoplenty:tall_lavender":4,"minecraft:iron_pickaxe":24,"minecraft:iron_helmet":1,"minecraft:shield":11,"minecraft:iron_sword":4,"minecraft:iron_boots":1,"biomesoplenty:lavender":40,"minecraft:iron_chestplate":1,"minecraft:dirt":46,"minecraft:bucket":3,"minecraft:cooked_beef":2,"minecraft:bone_meal":36,"minecraft:iron_leggings":1}},"DataVersion":3465}