{"stats":{"minecraft:killed":{"minecraft:magma_cube":1,"minecraft:cave_spider":2,"minecraft:zombified_piglin":4,"alexsmobs:raccoon":1,"minecraft:chicken":2,"minecraft:llama":1,"alexsmobs:fly":1,"minecraft:cow":6,"minecraft:enderman":1},"minecraft:picked_up":{"biomesoplenty:lavender":62,"minecraft:wheat":38,"minecraft:feather":2,"minecraft:basalt":15,"minecraft:chicken":2,"minecraft:leather":6,"minecraft:oak_log":10,"biomesoplenty:jacaranda_planks":64,"minecraft:string":3,"minecraft:dirt":46,"biomesoplenty:tall_lavender":5,"biomesoplenty:brimstone":2,"minecraft:wheat_seeds":109,"minecraft:gold_nugget":3,"minecraft:beef":12,"minecraft:raw_iron":5,"minecraft:torch":1,"minecraft:dandelion":6,"epicsamurai:tetsubo":1,"minecraft:spider_eye":3,"minecraft:rotten_flesh":2,"minecraft:lime_carpet":16,"minecraft:coal":41,"minecraft:cobblestone":14},"minecraft:dropped":{"minecraft:wheat_seeds":1,"minecraft:torch":1},"minecraft:mined":{"minecraft:basalt":16,"minecraft:dandelion":6,"biomesoplenty:brimstone":2,"biomesoplenty:brimstone_fumarole":2,"gravestone:gravestone":3,"biomesoplenty:bush":2,"minecraft:grass_block":13,"minecraft:tall_grass":2,"biomesoplenty:tall_lavender":4,"minecraft:iron_ore":5,"minecraft:wheat":37,"biomesoplenty:lavender":64,"minecraft:grass":55,"minecraft:oak_log":10,"minecraft:coal_ore":45,"biomesoplenty:brimstone_bud":1,"minecraft:dirt":3,"biomesoplenty:stringy_cobweb":1,"biomesoplenty:spider_egg":3,"minecraft:stone":13,"minecraft:oak_leaves":3},"minecraft:crafted":{"minecraft:cooked_beef":14,"minecraft:oak_planks":16,"biomesoplenty:jacaranda_planks":116,"minecraft:crafting_table":1,"minecraft:iron_nugget":9,"simplyswords:iron_katana":1,"minecraft:iron_helmet":2,"minecraft:iron_sword":2,"minecraft:furnace":1,"simplyswords:sword_on_a_stick":1,"minecraft:bucket":1,"minecraft:bone_meal":36,"simplyswords:iron_longsword":1,"minecraft:bread":4,"minecraft:air":0,"simplyswords:iron_greataxe":1,"minecraft:iron_boots":2,"minecraft:iron_chestplate":2,"minecraft:shield":2,"minecraft:iron_axe":2,"minecraft:iron_hoe":2,"minecraft:stick":40,"minecraft:iron_ingot":11,"minecraft:iron_pickaxe":2,"minecraft:iron_shovel":2,"minecraft:iron_leggings":2,"minecraft:torch":60},"minecraft:killed_by":{"minecraft:zombified_piglin":1,"alexsmobs:centipede_head":1,"mythicmounts:nightmare":2},"minecraft:custom":{"minecraft:interact_with_furnace":10,"minecraft:mob_kills":19,"minecraft:interact_with_crafting_table":29,"minecraft:leave_game":3,"minecraft:time_since_death":18461,"minecraft:sleep_in_bed":2,"minecraft:climb_one_cm":3247,"minecraft:opened_chance_cube":1,"minecraft:time_since_rest":18605,"minecraft:sprint_one_cm":205755,"minecraft:damage_taken":1336,"minecraft:walk_one_cm":284946,"minecraft:damage_blocked_by_shield":745,"minecraft:drop":2,"minecraft:damage_dealt":2710,"minecraft:swim_one_cm":19358,"minecraft:fly_one_cm":4791655,"minecraft:open_chest":32,"minecraft:crouch_one_cm":5798,"minecraft:play_time":80915,"minecraft:deaths":4,"minecraft:sneak_time":1140,"minecraft:walk_under_water_one_cm":3702,"minecraft:jump":1355,"minecraft:walk_on_water_one_cm":8563,"minecraft:total_world_time":80915,"minecraft:fall_one_cm":41961,"minecraft:horse_one_cm":336320},"minecraft:used":{"epicsamurai:tetsubo":28,"minecraft:wheat_seeds":62,"minecraft:water_bucket":3,"minecraft:iron_shovel":16,"minecraft:shield":28,"minecraft:iron_sword":8,"biomesoplenty:lavender":40,"minecraft:iron_chestplate":2,"minecraft:torch":12,"minecraft:dirt":46,"minecraft:crafting_table":1,"simplyswords:iron_katana":1,"simplyswords:iron_greataxe":11,"biomesoplenty:jacaranda_planks":28,"simplyswords:sword_on_a_stick":4,"minecraft:iron_hoe":33,"minecraft:iron_axe":13,"minecraft:bread":4,"biomesoplenty:tall_lavender":4,"minecraft:iron_pickaxe":85,"minecraft:iron_helmet":2,"minecraft:iron_boots":2,"minecraft:basalt":15,"minecraft:cobblestone":6,"minecraft:furnace":1,"minecraft:bucket":3,"minecraft:cooked_beef":5,"minecraft:bone_meal":36,"minecraft:iron_leggings":2}},"DataVersion":3465}