{"stats":{"minecraft:killed":{"minecraft:spider":5,"minecraft:skeleton":12,"alexsmobs:leafcutter_ant":1,"minecraft:chicken":10,"minecraft:pig":10,"minecraft:zombie_villager":1,"minecraft:creeper":1,"minecraft:sheep":6,"alexsmobs:cockroach":1,"minecraft:zombie":21,"alexsmobs:fly":4,"alexsmobs:crow":1,"minecraft:enderman":1,"minecraft:cow":7},"minecraft:picked_up":{"minecraft:iron_chestplate":4,"minecraft:crafting_table":7,"minecraft:azure_bluet":4,"minecraft:chicken":18,"minecraft:redstone_lamp":3,"minecraft:leather_leggings":1,"biomesoplenty:jacaranda_sapling":6,"usefulbackpacks:backpack_medium":1,"minecraft:gilded_blackstone":130,"gravestone:obituary":7,"ad_astra:sky_stone":4,"minecraft:shield":1,"minecraft:string":70,"biomesoplenty:tall_lavender":2,"minecraft:iron_leggings":1,"minecraft:blackstone":2,"minecraft:oak_sign":1,"minecraft:gold_nugget":93,"minecraft:cobbled_deepslate":29,"minecraft:comparator":3,"minecraft:bucket":1,"minecraft:beef":9,"minecraft:redstone_torch":3,"minecraft:written_book":2,"minecraft:iron_nugget":42,"minecraft:poppy":2,"minecraft:iron_pickaxe":1,"biomesoplenty:redwood_wood":3,"minecraft:sugar_cane":26,"minecraft:iron_boots":1,"minecraft:egg":3,"minecraft:furnace":4,"minecraft:raw_iron":60,"minecraft:stick":24,"minecraft:torch":26,"minecraft:fire_charge":1,"minecraft:porkchop":44,"minecraft:diorite":4,"minecraft:carrot":1,"minecraft:redstone":37,"minecraft:arrow":21,"minecraft:rotten_flesh":46,"biomesoplenty:jacaranda_log":226,"aether:chainmail_gloves":3,"minecraft:hay_block":39,"minecraft:mutton":18,"biomesoplenty:orange_cosmos":2,"minecraft:cobblestone":136,"minecraft:white_wool":38,"minecraft:oxeye_daisy":2,"biomesoplenty:lavender":52,"minecraft:leather_chestplate":1,"minecraft:feather":28,"minecraft:repeater":3,"minecraft:glow_ink_sac":4,"minecraft:andesite":11,"minecraft:leather":15,"minecraft:tuff":6,"minecraft:oak_log":22,"biomesoplenty:jacaranda_planks":27,"minecraft:gunpowder":3,"minecraft:lapis_lazuli":46,"minecraft:dirt":515,"minecraft:leather_boots":1,"minecraft:bone":21,"minecraft:apple":14,"minecraft:bow":2,"minecraft:wheat_seeds":29,"minecraft:iron_ingot":1,"minecraft:oak_planks":88,"minecraft:iron_sword":7,"minecraft:dandelion":1,"minecraft:ink_sac":32,"minecraft:white_bed":6,"minecraft:spider_eye":1,"alexsmobs:animal_dictionary":1,"minecraft:mossy_cobblestone":9,"epicsamurai:straw_hat":1,"minecraft:diamond":5,"minecraft:stone_axe":1,"minecraft:iron_helmet":1,"minecraft:granite":11,"minecraft:bread":58,"alexsmobs:maggot":4,"minecraft:oak_sapling":3,"minecraft:coal":289},"minecraft:dropped":{"minecraft:bread":3,"usefulbackpacks:backpack_medium":1,"minecraft:iron_sword":3,"minecraft:wheat_seeds":12,"minecraft:glow_ink_sac":2,"minecraft:diamond":3,"biomesoplenty:lavender":12,"minecraft:feather":14,"biomesoplenty:jacaranda_planks":224,"minecraft:dirt":14,"minecraft:diorite":2,"minecraft:fire_charge":1,"gravestone:obituary":10,"minecraft:gold_nugget":53,"minecraft:white_wool":1,"minecraft:bone":10,"minecraft:redstone":5,"minecraft:rotten_flesh":1,"minecraft:oak_planks":4,"minecraft:azure_bluet":2,"minecraft:carrot":1,"minecraft:poppy":2,"minecraft:gunpowder":3,"minecraft:iron_chestplate":2,"minecraft:arrow":16},"minecraft:broken":{"minecraft:stone_pickaxe":1,"minecraft:stone_axe":1,"minecraft:iron_pickaxe":1},"minecraft:mined":{"minecraft:tuff":6,"minecraft:white_bed":6,"minecraft:mossy_cobblestone":9,"minecraft:dark_oak_leaves":1,"minecraft:deepslate_diamond_ore":1,"alexsmobs:leafcutter_anthill":1,"minecraft:dark_oak_log":2,"minecraft:granite":10,"gravestone:gravestone":9,"minecraft:grass_block":53,"minecraft:gilded_blackstone":98,"minecraft:hay_block":39,"biomesoplenty:jacaranda_log":224,"biomesoplenty:tall_lavender":1,"minecraft:furnace":2,"biomesoplenty:orange_cosmos":1,"minecraft:polished_basalt":2,"minecraft:iron_ore":29,"minecraft:cobbled_deepslate":2,"biomesoplenty:lavender":34,"minecraft:andesite":11,"minecraft:azure_bluet":2,"biomesoplenty:high_grass":3,"minecraft:deepslate_iron_ore":15,"minecraft:stone":100,"ad_astra:sky_stone":3,"minecraft:tripwire":398,"biomesoplenty:jacaranda_leaves":88,"minecraft:birch_stairs":2,"minecraft:deepslate_redstone_ore":1,"minecraft:blackstone":1,"biomesoplenty:jacaranda_planks":8,"minecraft:soul_fire":4,"minecraft:basalt":1,"minecraft:crafting_table":7,"minecraft:torch":9,"minecraft:poppy":1,"minecraft:rose_bush":2,"biomesoplenty:high_grass_plant":7,"minecraft:tall_grass":1,"minecraft:glass":1,"minecraft:cobblestone":39,"biomesoplenty:sprout":2,"minecraft:lapis_ore":3,"minecraft:sugar_cane":9,"minecraft:oak_planks":24,"minecraft:diorite":3,"minecraft:wall_torch":9,"minecraft:grass":61,"biomesoplenty:clover":32,"minecraft:coal_ore":163,"minecraft:oak_log":22,"minecraft:dirt":193,"biomesoplenty:redwood_wood":3,"minecraft:oak_leaves":24,"minecraft:deepslate":32,"minecraft:fern":1},"minecraft:crafted":{"minecraft:oak_planks":88,"minecraft:cooked_chicken":2,"usefulbackpacks:backpack_small":1,"minecraft:furnace":1,"minecraft:cooked_mutton":19,"minecraft:iron_axe":2,"minecraft:stone_pickaxe":1,"minecraft:chest":4,"usefulbackpacks:backpack_medium":1,"minecraft:wheat":351,"minecraft:cooked_beef":5,"biomesoplenty:jacaranda_planks":284,"minecraft:cooked_porkchop":26,"minecraft:crafting_table":2,"biomesoplenty:redwood_planks":12,"minecraft:wooden_pickaxe":1,"minecraft:iron_helmet":1,"minecraft:stone_axe":1,"minecraft:bread":117,"minecraft:air":0,"minecraft:iron_chestplate":1,"minecraft:shield":1,"minecraft:stick":12,"minecraft:iron_ingot":83,"minecraft:iron_pickaxe":3,"minecraft:stone_sword":1,"minecraft:iron_leggings":1,"minecraft:white_bed":4},"minecraft:killed_by":{"minecraft:husk":2,"minecraft:player":1,"minecraft:creeper":1,"minecraft:ravager":1,"minecraft:cave_spider":1,"minecraft:skeleton":1,"minecraft:zombie":1,"alexsmobs:grizzly_bear":1},"minecraft:custom":{"minecraft:mob_kills":81,"minecraft:interact_with_crafting_table":36,"minecraft:open_barrel":7,"minecraft:leave_game":3,"minecraft:time_since_death":11693,"minecraft:climb_one_cm":4275,"minecraft:opened_chance_cube":7,"minecraft:sprint_one_cm":420024,"minecraft:walk_one_cm":1120717,"minecraft:damage_blocked_by_shield":1300,"minecraft:drop":73,"minecraft:play_time":287593,"minecraft:deaths":10,"minecraft:sneak_time":6489,"minecraft:walk_under_water_one_cm":27062,"minecraft:jump":5020,"minecraft:interact_with_blast_furnace":19,"minecraft:walk_on_water_one_cm":34929,"minecraft:total_world_time":287593,"minecraft:interact_with_furnace":72,"minecraft:sleep_in_bed":15,"minecraft:time_since_rest":11732,"minecraft:damage_taken":5457,"minecraft:damage_dealt":11036,"minecraft:swim_one_cm":31021,"minecraft:fly_one_cm":650008,"minecraft:open_chest":63,"minecraft:crouch_one_cm":23767,"minecraft:fall_one_cm":140267},"minecraft:used":{"epicsamurai:straw_hat":1,"minecraft:stone_sword":20,"minecraft:oak_sign":1,"minecraft:chest":4,"minecraft:shield":36,"minecraft:iron_sword":674,"minecraft:cooked_chicken":2,"minecraft:torch":15,"minecraft:dirt":372,"minecraft:tuff":6,"minecraft:granite":11,"minecraft:iron_axe":224,"chancecubes:chance_cube":3,"biomesoplenty:tall_lavender":4,"biomesoplenty:jacaranda_log":23,"biomesoplenty:jacaranda_sapling":2,"minecraft:furnace":4,"minecraft:egg":3,"minecraft:cobbled_deepslate":29,"minecraft:diorite":2,"minecraft:stone_pickaxe":138,"minecraft:oak_planks":27,"minecraft:wooden_pickaxe":4,"biomesoplenty:lavender":23,"minecraft:gilded_blackstone":1,"minecraft:crafting_table":9,"minecraft:white_bed":10,"biomesoplenty:jacaranda_planks":45,"minecraft:bread":63,"minecraft:iron_pickaxe":415,"minecraft:stone_axe":141,"minecraft:cobblestone":102,"minecraft:andesite":11,"alexsmobs:animal_dictionary":6}},"DataVersion":3465}