{"stats":{"minecraft:killed":{"alexsmobs:centipede_head":1},"minecraft:crafted":{"minecraft:stone_sword":1,"minecraft:stone_axe":1,"minecraft:stick":8,"minecraft:stone_pickaxe":1,"minecraft:wooden_pickaxe":1},"minecraft:picked_up":{"minecraft:arrow":1,"minecraft:bone":1,"minecraft:tropical_fish":1,"minecraft:wheat_seeds":1,"biomesoplenty:fir_sapling":2,"biomesoplenty:fir_log":10,"minecraft:dirt":28,"minecraft:cobblestone":14},"minecraft:mined":{"minecraft:grass":1,"minecraft:grass_block":8,"minecraft:dirt":17,"minecraft:stone":14,"biomesoplenty:fir_log":8,"minecraft:fern":2},"minecraft:used":{"minecraft:stone_sword":1,"minecraft:dirt":7,"alexsmobs:animal_dictionary":5,"minecraft:wooden_pickaxe":15},"minecraft:custom":{"minecraft:open_chest":14,"minecraft:time_since_rest":6652,"minecraft:crouch_one_cm":3,"minecraft:play_time":19861,"minecraft:sprint_one_cm":9440,"minecraft:walk_one_cm":66305,"minecraft:damage_taken":255,"minecraft:deaths":1,"minecraft:sneak_time":191,"minecraft:mob_kills":1,"minecraft:jump":207,"minecraft:damage_dealt":200,"minecraft:leave_game":2,"minecraft:time_since_death":6610,"minecraft:total_world_time":19861,"minecraft:interact_with_crafting_table":3,"minecraft:fall_one_cm":4803,"minecraft:fly_one_cm":55944,"minecraft:opened_chance_cube":1}},"DataVersion":3465}