{"stats":{"minecraft:killed":{"minecraft:spider":6,"minecraft:skeleton":18,"alexsmobs:leafcutter_ant":1,"minecraft:chicken":10,"minecraft:pig":10,"minecraft:zombie_villager":1,"minecraft:creeper":1,"minecraft:sheep":6,"minecraft:zombie":24,"alexsmobs:cockroach":1,"alexsmobs:fly":6,"alexsmobs:crow":1,"minecraft:enderman":1,"minecraft:cow":7},"minecraft:picked_up":{"minecraft:crafting_table":9,"minecraft:iron_chestplate":4,"minecraft:azure_bluet":4,"minecraft:chicken":18,"minecraft:redstone_lamp":3,"minecraft:leather_leggings":1,"biomesoplenty:jacaranda_sapling":19,"usefulbackpacks:backpack_medium":1,"minecraft:gilded_blackstone":130,"gravestone:obituary":7,"ad_astra:sky_stone":4,"minecraft:shield":1,"biomesoplenty:jacaranda_fence":30,"minecraft:string":70,"minecraft:iron_leggings":1,"biomesoplenty:tall_lavender":3,"minecraft:blackstone":2,"minecraft:oak_sign":1,"biomesoplenty:brimstone":1,"minecraft:gold_nugget":93,"minecraft:cobbled_deepslate":29,"minecraft:comparator":3,"minecraft:bucket":1,"minecraft:beef":9,"minecraft:redstone_torch":3,"minecraft:written_book":2,"minecraft:iron_nugget":42,"minecraft:poppy":2,"minecraft:iron_pickaxe":2,"biomesoplenty:redwood_wood":3,"minecraft:sugar_cane":26,"minecraft:furnace":4,"minecraft:iron_boots":1,"minecraft:egg":3,"minecraft:stick":44,"minecraft:raw_iron":60,"minecraft:torch":52,"minecraft:fire_charge":1,"minecraft:porkchop":44,"minecraft:diorite":5,"minecraft:carrot":1,"minecraft:redstone":37,"minecraft:arrow":29,"minecraft:rotten_flesh":49,"biomesoplenty:jacaranda_log":231,"aether:chainmail_gloves":3,"minecraft:hay_block":39,"minecraft:obsidian":13,"minecraft:mutton":18,"biomesoplenty:orange_cosmos":2,"minecraft:white_wool":38,"minecraft:cobblestone":789,"minecraft:oxeye_daisy":2,"biomesoplenty:lavender":71,"minecraft:magma_block":1,"minecraft:leather_chestplate":1,"minecraft:feather":28,"minecraft:repeater":3,"minecraft:glow_ink_sac":4,"minecraft:andesite":11,"minecraft:leather":15,"minecraft:tuff":6,"minecraft:oak_log":23,"minecraft:cobblestone_stairs":3,"minecraft:golden_boots":1,"biomesoplenty:jacaranda_planks":29,"minecraft:gunpowder":3,"minecraft:lapis_lazuli":46,"minecraft:dirt":643,"minecraft:leather_boots":1,"minecraft:bone":26,"minecraft:apple":14,"minecraft:bow":4,"minecraft:wheat_seeds":29,"minecraft:iron_ingot":1,"minecraft:glowstone_dust":43,"minecraft:iron_sword":7,"minecraft:oak_planks":88,"minecraft:quartz":1,"minecraft:dandelion":1,"minecraft:gravel":88,"minecraft:ink_sac":32,"minecraft:white_bed":6,"minecraft:spider_eye":2,"alexsmobs:animal_dictionary":1,"minecraft:mossy_cobblestone":9,"epicsamurai:straw_hat":1,"minecraft:diamond":14,"minecraft:stone_axe":1,"minecraft:iron_helmet":1,"minecraft:granite":11,"minecraft:bread":58,"alexsmobs:maggot":4,"minecraft:oak_sapling":5,"minecraft:netherrack":27,"minecraft:coal":293,"minecraft:diamond_pickaxe":1},"minecraft:dropped":{"minecraft:bread":3,"usefulbackpacks:backpack_medium":1,"minecraft:iron_sword":3,"minecraft:wheat_seeds":12,"minecraft:glow_ink_sac":2,"minecraft:diamond":3,"biomesoplenty:lavender":12,"minecraft:feather":14,"biomesoplenty:jacaranda_planks":226,"minecraft:dirt":14,"minecraft:diorite":2,"minecraft:fire_charge":1,"gravestone:obituary":11,"minecraft:gold_nugget":53,"minecraft:iron_pickaxe":1,"minecraft:white_wool":1,"minecraft:redstone":5,"minecraft:bone":10,"minecraft:obsidian":14,"minecraft:rotten_flesh":1,"minecraft:oak_planks":4,"minecraft:glowstone_dust":43,"minecraft:azure_bluet":2,"minecraft:carrot":1,"minecraft:poppy":2,"minecraft:gunpowder":3,"minecraft:iron_chestplate":2,"minecraft:arrow":16},"minecraft:broken":{"minecraft:stone_pickaxe":1,"minecraft:iron_axe":1,"minecraft:stone_axe":1,"minecraft:iron_pickaxe":3,"aether:chainmail_gloves":1},"minecraft:mined":{"minecraft:tuff":6,"minecraft:white_bed":6,"minecraft:mossy_cobblestone":9,"minecraft:dark_oak_leaves":1,"minecraft:deepslate_diamond_ore":1,"minecraft:cobblestone_stairs":3,"alexsmobs:leafcutter_anthill":1,"minecraft:dark_oak_log":2,"biomesoplenty:brimstone":1,"biomesoplenty:jacaranda_fence":30,"minecraft:obsidian":13,"gravestone:gravestone":10,"minecraft:granite":10,"biomesoplenty:bush":16,"minecraft:grass_block":109,"biomesoplenty:jacaranda_sapling":1,"minecraft:gilded_blackstone":98,"minecraft:hay_block":39,"biomesoplenty:jacaranda_log":229,"minecraft:magma_block":1,"biomesoplenty:tall_lavender":1,"minecraft:glowstone":20,"minecraft:furnace":2,"biomesoplenty:orange_cosmos":1,"minecraft:iron_ore":29,"minecraft:polished_basalt":2,"minecraft:fire":2,"minecraft:cobbled_deepslate":2,"biomesoplenty:lavender":45,"minecraft:andesite":11,"minecraft:azure_bluet":2,"biomesoplenty:high_grass":3,"minecraft:deepslate_iron_ore":15,"biomesoplenty:brimstone_bud":1,"minecraft:stone":418,"ad_astra:sky_stone":3,"minecraft:tripwire":398,"biomesoplenty:jacaranda_leaves":134,"minecraft:deepslate_redstone_ore":1,"minecraft:birch_stairs":2,"minecraft:blackstone":1,"biomesoplenty:jacaranda_planks":10,"minecraft:soul_fire":4,"minecraft:basalt":1,"minecraft:crafting_table":9,"minecraft:torch":31,"minecraft:poppy":1,"minecraft:rose_bush":2,"biomesoplenty:high_grass_plant":7,"minecraft:nether_quartz_ore":1,"minecraft:tall_grass":1,"minecraft:glass":1,"minecraft:cobblestone":75,"biomesoplenty:sprout":2,"minecraft:lapis_ore":3,"minecraft:oak_planks":24,"minecraft:sugar_cane":9,"minecraft:wall_torch":13,"minecraft:diorite":4,"minecraft:stone_brick_stairs":1,"minecraft:grass":68,"biomesoplenty:clover":32,"minecraft:oak_log":23,"minecraft:coal_ore":167,"minecraft:gravel":11,"minecraft:dirt":267,"minecraft:netherrack":29,"biomesoplenty:redwood_wood":3,"minecraft:oak_leaves":46,"minecraft:deepslate":32,"minecraft:fern":1},"minecraft:crafted":{"minecraft:oak_planks":88,"minecraft:cooked_chicken":2,"usefulbackpacks:backpack_small":1,"minecraft:furnace":1,"minecraft:cobblestone_stairs":36,"minecraft:cooked_mutton":19,"minecraft:iron_axe":2,"minecraft:ladder":24,"minecraft:stone_pickaxe":1,"minecraft:chest":4,"usefulbackpacks:backpack_medium":1,"minecraft:wheat":351,"minecraft:cooked_beef":5,"biomesoplenty:jacaranda_planks":568,"minecraft:cooked_porkchop":26,"minecraft:crafting_table":4,"biomesoplenty:redwood_planks":12,"minecraft:wooden_pickaxe":1,"minecraft:iron_helmet":1,"biomesoplenty:jacaranda_fence_gate":6,"minecraft:stone_axe":1,"minecraft:bread":117,"minecraft:air":0,"biomesoplenty:jacaranda_fence":156,"minecraft:iron_chestplate":1,"minecraft:shield":1,"minecraft:stick":184,"minecraft:iron_ingot":83,"minecraft:iron_pickaxe":3,"minecraft:stone_sword":1,"minecraft:iron_shovel":1,"minecraft:iron_leggings":1,"minecraft:white_bed":4,"minecraft:torch":12},"minecraft:killed_by":{"minecraft:husk":2,"minecraft:player":1,"minecraft:creeper":1,"minecraft:ravager":1,"minecraft:cave_spider":1,"alexsmobs:dropbear":1,"minecraft:skeleton":1,"minecraft:zombie":1,"alexsmobs:grizzly_bear":1},"minecraft:custom":{"minecraft:mob_kills":93,"minecraft:interact_with_crafting_table":51,"minecraft:open_barrel":7,"minecraft:leave_game":6,"minecraft:time_since_death":67720,"minecraft:climb_one_cm":22885,"minecraft:opened_chance_cube":7,"minecraft:sprint_one_cm":551226,"minecraft:walk_one_cm":1606070,"minecraft:damage_blocked_by_shield":1540,"minecraft:drop":79,"minecraft:play_time":399825,"minecraft:sneak_time":20636,"minecraft:deaths":11,"minecraft:walk_under_water_one_cm":30698,"minecraft:jump":6323,"minecraft:interact_with_blast_furnace":20,"minecraft:walk_on_water_one_cm":36969,"minecraft:total_world_time":399825,"minecraft:interact_with_furnace":75,"minecraft:sleep_in_bed":18,"minecraft:time_since_rest":63,"minecraft:damage_taken":6225,"minecraft:damage_dealt":13345,"minecraft:swim_one_cm":31021,"minecraft:fly_one_cm":819003,"minecraft:open_chest":95,"minecraft:crouch_one_cm":83588,"minecraft:fall_one_cm":168497},"minecraft:used":{"epicsamurai:straw_hat":1,"minecraft:stone_sword":20,"minecraft:iron_shovel":33,"minecraft:ladder":24,"minecraft:oak_sign":1,"minecraft:chest":4,"minecraft:shield":44,"minecraft:iron_sword":716,"minecraft:cooked_chicken":2,"minecraft:netherrack":2,"minecraft:torch":40,"minecraft:dirt":662,"minecraft:tuff":6,"minecraft:granite":11,"minecraft:obsidian":1,"chancecubes:chance_cube":3,"biomesoplenty:tall_lavender":5,"minecraft:iron_axe":265,"biomesoplenty:jacaranda_log":25,"biomesoplenty:jacaranda_sapling":5,"minecraft:magma_block":1,"minecraft:furnace":4,"minecraft:egg":3,"biomesoplenty:jacaranda_fence":176,"minecraft:cobbled_deepslate":29,"minecraft:water_bucket":1,"minecraft:diorite":2,"minecraft:cobblestone_stairs":36,"minecraft:stone_pickaxe":138,"minecraft:oak_planks":27,"minecraft:wooden_pickaxe":4,"biomesoplenty:lavender":25,"minecraft:gilded_blackstone":1,"minecraft:crafting_table":12,"minecraft:white_bed":10,"biomesoplenty:jacaranda_planks":66,"minecraft:diamond_pickaxe":92,"minecraft:bread":78,"minecraft:iron_pickaxe":776,"minecraft:gravel":10,"minecraft:stone_axe":141,"minecraft:cobblestone":623,"minecraft:andesite":11,"minecraft:bucket":1,"alexsmobs:animal_dictionary":6}},"DataVersion":3465}