{"stats":{"minecraft:custom":{"minecraft:jump":8,"minecraft:open_chest":1,"minecraft:time_since_rest":1097,"minecraft:damage_dealt":10,"minecraft:crouch_one_cm":188,"minecraft:leave_game":1,"minecraft:sprint_one_cm":2407,"minecraft:play_time":1852,"minecraft:time_since_death":1852,"minecraft:walk_one_cm":8931,"minecraft:sleep_in_bed":1,"minecraft:sneak_time":15,"minecraft:total_world_time":1852,"minecraft:interact_with_crafting_table":1,"minecraft:fly_one_cm":1502},"minecraft:used":{"alexsmobs:animal_dictionary":4}},"DataVersion":3465}