{"stats":{"minecraft:broken":{"minecraft:stone_axe":1,"minecraft:iron_pickaxe":3},"minecraft:picked_up":{"minecraft:wooden_axe":1,"epicsamurai:cloth":4,"minecraft:iron_chestplate":6,"biomesoplenty:burning_blossom":1,"minecraft:nether_brick_fence":3,"minecraft:anvil":1,"aether:iron_gloves":2,"minecraft:enchanted_book":2,"minecraft:gilded_blackstone":41,"minecraft:nether_brick":7,"minecraft:music_disc_cat":2,"minecraft:string":272,"minecraft:ocelot_spawn_egg":1,"minecraft:iron_leggings":3,"biomesoplenty:tall_lavender":19,"minecraft:oak_sign":2,"biomesoplenty:brimstone":1,"alexsmobs:dropbear_claw":2,"minecraft:diamond_leggings":2,"alexsmobs:blood_sac":6,"minecraft:gold_nugget":143,"minecraft:cobbled_deepslate":61,"minecraft:comparator":3,"minecraft:bucket":1,"minecraft:rose_bush":2,"minecraft:redstone_torch":3,"minecraft:written_book":1,"minecraft:iron_pickaxe":4,"minecraft:coal_block":25,"minecraft:iron_boots":3,"minecraft:furnace":4,"minecraft:tipped_arrow":37,"minecraft:stick":9,"minecraft:torch":188,"minecraft:porkchop":17,"minecraft:diorite":8,"minecraft:warped_planks":1,"alexsmobs:centipede_leg":1,"minecraft:lime_carpet":50,"minecraft:rotten_flesh":37,"biomesoplenty:rose_quartz_chunk":2,"minecraft:polished_basalt":1,"minecraft:glowstone":25,"minecraft:end_rod":2,"minecraft:blaze_rod":3,"minecraft:obsidian":42,"minecraft:cobblestone":470,"ad_astra:astrodux":1,"biomesoplenty:lavender":399,"minecraft:magma_block":60,"minecraft:feather":2,"minecraft:repeater":3,"minecraft:andesite":15,"minecraft:jungle_wood":1,"minecraft:golden_leggings":1,"minecraft:tuff":10,"minecraft:dirt":467,"minecraft:bone":46,"minecraft:wheat_seeds":44,"minecraft:diamond_helmet":1,"minecraft:glowstone_dust":200,"alexsmobs:blobfish":1,"epicsamurai:raw_silver":87,"minecraft:oak_planks":20,"minecraft:music_disc_13":1,"minecraft:ink_sac":26,"minecraft:grass_block":1,"minecraft:diamond_block":1,"minecraft:dark_oak_log":2,"alexsmobs:animal_dictionary":2,"minecraft:diamond":47,"chancecubes:chance_cube":16,"minecraft:granite":12,"minecraft:bone_meal":1,"minecraft:golden_apple":1,"minecraft:emerald":18,"minecraft:golden_horse_armor":1,"minecraft:bread":124,"alexsmobs:maggot":11,"minecraft:oak_sapling":2,"minecraft:netherrack":146,"minecraft:crimson_roots":3,"minecraft:fishing_rod":1,"minecraft:cocoa_beans":3,"minecraft:crafting_table":13,"minecraft:azure_bluet":10,"minecraft:chicken":1,"minecraft:ladder":6,"minecraft:redstone_lamp":3,"minecraft:brown_mushroom":1,"minecraft:wooden_pickaxe":3,"biomesoplenty:jacaranda_sapling":9,"minecraft:diamond_horse_armor":2,"gravestone:obituary":5,"ad_astra:sky_stone":5,"minecraft:shield":1,"minecraft:red_bed":1,"biomesoplenty:jacaranda_fence":66,"minecraft:flint_and_steel":1,"minecraft:compass":1,"minecraft:iron_shovel":1,"minecraft:blackstone":10,"minecraft:beef":46,"epicsamurai:akaname_tongue":8,"minecraft:chest":3,"minecraft:raw_iron":97,"minecraft:fire_charge":2,"biomesoplenty:blackstone_spines":1,"minecraft:cookie":64,"minecraft:redstone":32,"minecraft:dark_oak_planks":17,"ad_astra:steel_ingot":2,"minecraft:diamond_chestplate":1,"minecraft:arrow":9,"biomesoplenty:jacaranda_log":49,"biomesoplenty:jacaranda_stairs":10,"minecraft:nether_bricks":14,"minecraft:diamond_boots":2,"minecraft:hay_block":45,"minecraft:saddle":2,"minecraft:gold_ingot":9,"minecraft:mutton":21,"minecraft:white_wool":15,"minecraft:oxeye_daisy":4,"simplyswords:iron_katana":1,"minecraft:clock":1,"minecraft:basalt":28,"minecraft:glow_ink_sac":3,"minecraft:tripwire_hook":2,"minecraft:leather":21,"minecraft:oak_log":45,"minecraft:yellow_bed":4,"biomesoplenty:jacaranda_planks":254,"minecraft:gunpowder":21,"minecraft:wild_armor_trim_smithing_template":2,"minecraft:iron_ingot":73,"minecraft:iron_ore":202,"epicsamurai:aquamarine":27,"minecraft:iron_sword":3,"minecraft:soul_sand":11,"minecraft:milk_bucket":10,"minecraft:red_wool":5,"minecraft:quartz":1,"minecraft:dandelion":4,"minecraft:raw_iron_block":2,"ad_astra:moon_sand":1,"minecraft:gravel":51,"minecraft:blast_furnace":1,"minecraft:white_bed":13,"minecraft:crying_obsidian":2,"minecraft:spider_eye":1,"biomesoplenty:bramble":1,"minecraft:iron_helmet":2,"minecraft:coal":117,"unusualprehistory:mezo_fossil":6,"minecraft:ender_pearl":3},"minecraft:mined":{"minecraft:white_bed":13,"alexsmobs:leafcutter_anthill":1,"minecraft:jungle_leaves":11,"biomesoplenty:brimstone":1,"minecraft:obsidian":12,"biomesoplenty:burning_blossom":1,"minecraft:granite":14,"biomesoplenty:bramble":1,"minecraft:grass_block":242,"epicsamurai:silver_ore":10,"biomesoplenty:flowering_oak_leaves":3,"biomesoplenty:jacaranda_stairs":11,"minecraft:coal_block":25,"minecraft:oak_wall_sign":1,"minecraft:gilded_blackstone":47,"minecraft:raw_iron_block":2,"minecraft:magma_block":33,"biomesoplenty:tall_lavender":14,"minecraft:glowstone":50,"minecraft:iron_ore":20,"minecraft:fire":68,"biomesoplenty:lavender":125,"minecraft:anvil":1,"epicsamurai:deepslate_silver_ore":19,"minecraft:tripwire":40,"biomesoplenty:jacaranda_leaves":34,"minecraft:red_bed":1,"minecraft:blackstone":2,"biomesoplenty:jacaranda_planks":41,"minecraft:soul_fire":2,"minecraft:torch":72,"minecraft:blast_furnace":1,"minecraft:chest":3,"minecraft:glass":5,"minecraft:nether_quartz_ore":1,"minecraft:cobblestone":39,"minecraft:oak_planks":6,"minecraft:wall_torch":36,"minecraft:jungle_wood":1,"unusualprehistory:stone_fossil":6,"biomesoplenty:large_rose_quartz_bud":1,"minecraft:grass":113,"biomesoplenty:clover":4,"minecraft:oak_log":45,"minecraft:dirt":73,"minecraft:tripwire_hook":1,"minecraft:netherrack":158,"minecraft:oak_leaves":24,"minecraft:deepslate":57,"minecraft:tuff":13,"minecraft:deepslate_diamond_ore":3,"biomesoplenty:jacaranda_fence":2,"minecraft:nether_bricks":17,"gravestone:gravestone":9,"biomesoplenty:bush":2,"minecraft:ladder":6,"minecraft:crimson_roots":2,"biomesoplenty:jacaranda_sapling":2,"minecraft:hay_block":45,"biomesoplenty:jacaranda_log":47,"minecraft:furnace":4,"minecraft:polished_basalt":2,"minecraft:andesite":15,"minecraft:diamond_block":1,"minecraft:nether_brick_fence":3,"biomesoplenty:high_grass":1,"minecraft:deepslate_iron_ore":19,"minecraft:vine":1,"biomesoplenty:brimstone_bud":1,"biomesoplenty:spider_egg":1,"minecraft:stone":446,"ad_astra:sky_stone":6,"minecraft:bone_block":3,"minecraft:white_wool":3,"minecraft:podzol":1,"minecraft:glass_pane":1,"minecraft:basalt":29,"epicsamurai:deepslate_aquamarine_ore":9,"minecraft:crafting_table":13,"minecraft:emerald_ore":2,"minecraft:rose_bush":2,"minecraft:lime_carpet":18,"biomesoplenty:high_grass_plant":1,"minecraft:tall_grass":10,"biomesoplenty:sprout":2,"biomesoplenty:huge_clover_petal":8,"minecraft:diorite":11,"chancecubes:chance_cube":1,"minecraft:yellow_bed":4,"minecraft:coal_ore":48,"minecraft:cocoa":1,"minecraft:end_rod":1,"minecraft:gravel":5,"biomesoplenty:stringy_cobweb":2,"minecraft:cobweb":1,"minecraft:fern":3,"minecraft:dark_oak_planks":1},"minecraft:crafted":{"minecraft:grindstone":1,"minecraft:smooth_stone":3,"minecraft:oak_planks":180,"simplyswords:iron_katana":1,"minecraft:stone":9,"minecraft:diamond_helmet":1,"epicsamurai:tetsubo":1,"minecraft:chest":4,"biomesoplenty:jacaranda_stairs":136,"epicsamurai:naginata":1,"minecraft:golden_boots":2,"biomesoplenty:jacaranda_planks":436,"minecraft:crafting_table":3,"minecraft:wooden_pickaxe":1,"biomesoplenty:jacaranda_fence":51,"minecraft:book":2,"minecraft:paper":6,"minecraft:diamond_pickaxe":2,"minecraft:shield":1,"minecraft:stick":180,"minecraft:stone_slab":6,"usefulbackpacks:backpack_large":1,"minecraft:iron_ingot":86,"minecraft:iron_pickaxe":4,"minecraft:gold_ingot":2,"epicsamurai:katana":1,"minecraft:raw_iron":18,"ad_astra:steel_ingot":16,"epicsamurai:straw_hat":2,"minecraft:furnace":2,"minecraft:blast_furnace":1,"minecraft:bone_meal":30,"minecraft:diamond":9,"minecraft:iron_axe":2,"minecraft:ladder":24,"minecraft:stone_pickaxe":1,"minecraft:diamond_boots":1,"biomesoplenty:jacaranda_door":3,"usefulbackpacks:backpack_medium":1,"minecraft:dark_oak_planks":160,"minecraft:wheat":405,"minecraft:cooked_beef":1,"epicsamurai:katana_handle":3,"minecraft:enchanting_table":1,"minecraft:bucket":1,"minecraft:stone_axe":1,"minecraft:glowstone":42,"minecraft:air":0,"minecraft:bread":132,"minecraft:white_wool":20,"ad_astra:astrodux":1,"minecraft:wooden_axe":1,"minecraft:iron_shovel":1,"minecraft:white_bed":3,"minecraft:torch":180,"epicsamurai:spear_handle":1},"minecraft:used":{"minecraft:nether_brick_fence":3,"minecraft:iron_shovel":252,"minecraft:oak_sign":1,"minecraft:ladder":29,"minecraft:chest":15,"minecraft:shield":25,"minecraft:stone":40,"minecraft:iron_sword":20,"minecraft:mutton":1,"minecraft:nether_bricks":7,"alexsmobs:spawn_egg_centipede":2,"minecraft:obsidian":16,"alexsmobs:spawn_egg_platypus":1,"minecraft:red_wool":5,"chancecubes:chance_cube":32,"minecraft:grass_block":46,"biomesoplenty:jacaranda_sapling":3,"minecraft:written_book":2,"minecraft:oak_sapling":2,"minecraft:furnace":4,"biomesoplenty:jacaranda_fence":99,"minecraft:diorite":8,"minecraft:leather_leggings":1,"minecraft:stone_pickaxe":78,"minecraft:oak_planks":74,"ad_astra:compressor":2,"minecraft:wooden_pickaxe":37,"ad_astra:steel_cable":11,"biomesoplenty:lavender":7,"minecraft:sugar_cane":35,"minecraft:cookie":64,"minecraft:white_wool":3,"minecraft:sand":47,"minecraft:blast_furnace":2,"epicsamurai:shuriken":4,"biomesoplenty:jacaranda_planks":684,"minecraft:bread":211,"ad_astra:launch_pad":1,"minecraft:gravel":5,"minecraft:ocelot_spawn_egg":1,"minecraft:fire_charge":1,"minecraft:diamond_sword":18,"minecraft:grindstone":1,"minecraft:andesite":7,"minecraft:bone_meal":3,"ad_astra:fuel_refinery":2,"minecraft:trident":4,"minecraft:enchanting_table":3,"biomesoplenty:brimstone":1,"minecraft:flint_and_steel":1,"minecraft:netherrack":144,"minecraft:torch":378,"minecraft:dirt":328,"minecraft:anvil":2,"simplyswords:iron_katana":143,"minecraft:granite":12,"minecraft:dark_oak_planks":46,"minecraft:wooden_axe":20,"alexsmobs:maggot":1,"minecraft:bookshelf":57,"minecraft:iron_axe":199,"biomesoplenty:tall_lavender":7,"biomesoplenty:jacaranda_log":15,"biomesoplenty:jacaranda_stairs":135,"minecraft:diamond_chestplate":2,"minecraft:glowstone":17,"minecraft:basalt":13,"alexsmobs:spawn_egg_blobfish":2,"minecraft:cooked_beef":8,"minecraft:cobbled_deepslate":56,"ad_astra:coal_generator":1,"alexsmobs:blobfish":1,"minecraft:water_bucket":39,"biomesoplenty:jacaranda_door":1,"minecraft:leather_boots":1,"minecraft:jungle_wood":1,"minecraft:crafting_table":17,"minecraft:red_bed":1,"minecraft:white_bed":16,"ad_astra:nasa_workbench":1,"minecraft:diamond_pickaxe":219,"minecraft:apple":1,"ad_astra:moon_sand":1,"minecraft:iron_pickaxe":860,"minecraft:stone_axe":73,"ad_astra:sky_stone":1,"minecraft:fishing_rod":9,"epicsamurai:katana":257,"mythicmounts:direwolf_spawn_egg":4,"minecraft:cobblestone":122,"minecraft:bucket":5,"minecraft:yellow_bed":4,"alexsmobs:animal_dictionary":33,"minecraft:dandelion":13,"minecraft:diamond_leggings":1},"minecraft:custom":{"minecraft:interact_with_crafting_table":84,"minecraft:open_barrel":30,"minecraft:bell_ring":4,"minecraft:leave_game":12,"minecraft:time_since_death":17425,"minecraft:sprint_one_cm":1488904,"minecraft:damage_blocked_by_shield":1100,"minecraft:drop":207,"minecraft:talked_to_villager":7,"minecraft:play_time":649612,"minecraft:deaths":9,"minecraft:jump":12573,"minecraft:walk_on_water_one_cm":34160,"minecraft:enchant_item":15,"minecraft:interact_with_furnace":71,"minecraft:sleep_in_bed":35,"minecraft:damage_dealt":32923,"minecraft:player_kills":1,"minecraft:crouch_one_cm":45972,"minecraft:inspect_dispenser":1,"minecraft:horse_one_cm":772949,"minecraft:interact_with_anvil":8,"minecraft:mob_kills":202,"minecraft:damage_dealt_resisted":432,"minecraft:climb_one_cm":49125,"minecraft:opened_chance_cube":54,"minecraft:walk_one_cm":1184899,"minecraft:sneak_time":14041,"minecraft:walk_under_water_one_cm":29381,"minecraft:interact_with_blast_furnace":28,"minecraft:total_world_time":649612,"minecraft:raid_trigger":1,"minecraft:interact_with_grindstone":5,"minecraft:time_since_rest":17463,"minecraft:damage_taken":11688,"minecraft:swim_one_cm":75807,"minecraft:fly_one_cm":2888078,"minecraft:open_chest":326,"minecraft:fall_one_cm":468497},"minecraft:killed":{"minecraft:cave_spider":3,"minecraft:zombified_piglin":1,"mythicmounts:nightmare":2,"minecraft:spider":14,"minecraft:skeleton":8,"alexsmobs:leafcutter_ant":1,"minecraft:chicken":2,"minecraft:silverfish":2,"alexsmobs:laviathan":1,"alexsmobs:centipede_head":1,"mythicmounts:direwolf":2,"epicsamurai:enenra":1,"minecraft:wolf":1,"minecraft:piglin":3,"minecraft:pig":9,"minecraft:zombie_villager":1,"minecraft:creeper":11,"alexsmobs:crimson_mosquito":7,"minecraft:sheep":12,"minecraft:pillager":1,"minecraft:zombie":31,"alexsmobs:terrapin":1,"minecraft:ghast":1,"alexsmobs:fly":8,"minecraft:blaze":9,"minecraft:cow":17,"alexsmobs:dropbear":1,"alexsmobs:blobfish":1,"alexsmobs:raccoon":1,"minecraft:endermite":1,"minecraft:slime":1,"mythicmounts:geckotoalizard":1,"minecraft:husk":10,"minecraft:bat":3,"epicsamurai:akaname":5,"minecraft:ravager":1,"minecraft:hoglin":1,"minecraft:squid":8,"alexsmobs:emu":1,"mythicmounts:netherbat":1,"alexsmobs:crow":1,"minecraft:wither_skeleton":7,"minecraft:villager":2},"minecraft:dropped":{"mythicmounts:summoning_staff":1,"minecraft:iron_sword":4,"minecraft:brown_mushroom":1,"minecraft:porkchop":8,"minecraft:glow_ink_sac":3,"minecraft:diamond":13,"unusualprehistory:mezo_fossil":6,"minecraft:saddle":2,"minecraft:dirt":58,"minecraft:mutton":6,"minecraft:crimson_roots":3,"gravestone:obituary":9,"minecraft:gold_nugget":95,"minecraft:gilded_blackstone":41,"epicsamurai:shuriken":8,"minecraft:iron_pickaxe":3,"minecraft:dark_oak_planks":14,"minecraft:white_wool":1,"biomesoplenty:burning_blossom":1,"minecraft:gold_ingot":8,"minecraft:bone":5,"minecraft:gravel":27,"minecraft:compass":1,"biomesoplenty:bramble":1,"minecraft:cobbled_deepslate":5,"minecraft:wheat":1,"minecraft:obsidian":10,"biomesoplenty:blackstone_spines":1,"minecraft:rotten_flesh":10,"minecraft:oak_planks":4,"minecraft:azure_bluet":10,"patchouli:guide_book":1,"minecraft:leather_chestplate":1,"minecraft:tipped_arrow":37,"minecraft:gunpowder":5,"minecraft:leather_boots":1,"minecraft:leather_leggings":1,"epicsamurai:akaname_tongue":4,"minecraft:iron_ore":10,"ad_astra:moon_sand":1,"minecraft:written_book":1,"minecraft:golden_boots":1,"minecraft:bread":92,"minecraft:wheat_seeds":4,"minecraft:clock":1,"biomesoplenty:lavender":1,"minecraft:iron_helmet":1,"minecraft:feather":3,"minecraft:cobblestone":311,"minecraft:apple":4,"minecraft:coal":3,"minecraft:golden_apple":7,"minecraft:stick":18,"minecraft:end_rod":1,"minecraft:oxeye_daisy":2,"minecraft:ink_sac":13,"minecraft:wooden_axe":2,"epicsamurai:tetsubo":1,"minecraft:fire_charge":1,"minecraft:iron_leggings":1,"minecraft:dead_bush":2458,"minecraft:string":55,"minecraft:tripwire_hook":1,"minecraft:bucket":1,"minecraft:music_disc_cat":1,"minecraft:dandelion":2,"minecraft:cocoa_beans":3,"minecraft:tuff":10,"minecraft:diamond_hoe":1,"minecraft:chicken":1,"minecraft:iron_boots":1,"epicsamurai:straw_hat":2,"minecraft:potato":1,"aether:iron_gloves":1,"minecraft:iron_chestplate":3,"minecraft:diamond_pickaxe":1,"minecraft:andesite":8,"epicsamurai:naginata":1,"minecraft:spider_eye":1,"minecraft:stone_pickaxe":1,"minecraft:wooden_pickaxe":1,"minecraft:magma_block":29},"minecraft:killed_by":{"minecraft:creeper":2,"minecraft:zombie":1,"minecraft:husk":1,"minecraft:skeleton":2}},"DataVersion":3465}