{"stats":{"minecraft:dropped":{"minecraft:wheat_seeds":3},"minecraft:killed":{"minecraft:skeleton":2},"minecraft:crafted":{"biomesoplenty:fir_planks":88,"minecraft:crafting_table":1,"minecraft:stick":8,"minecraft:wooden_pickaxe":1,"minecraft:stone_pickaxe":1,"minecraft:wooden_axe":1,"minecraft:chest":1,"minecraft:stone_axe":1},"minecraft:mined":{"minecraft:fire":4,"biomesoplenty:fir_log":14,"minecraft:grass":10,"minecraft:grass_block":2,"biomesoplenty:fir_leaves":5,"minecraft:dirt":4,"minecraft:stone":13,"minecraft:sugar_cane":1,"minecraft:fern":10},"minecraft:picked_up":{"biomesoplenty:fir_sapling":1,"biomesoplenty:fir_log":12,"minecraft:dirt":3,"minecraft:wheat_seeds":3,"minecraft:sugar_cane":13,"minecraft:cobblestone":13},"minecraft:used":{"minecraft:wooden_axe":16,"minecraft:ender_eye":13,"biomesoplenty:fir_sapling":1,"minecraft:stone_pickaxe":11,"minecraft:chest":1,"minecraft:wooden_pickaxe":5,"minecraft:bedrock":4,"minecraft:dirt":4,"minecraft:crafting_table":1,"alexsmobs:animal_dictionary":5,"alexsmobs:spawn_egg_centipede":1,"minecraft:cooked_beef":4},"minecraft:custom":{"minecraft:time_since_rest":27818,"minecraft:sprint_one_cm":45494,"minecraft:walk_one_cm":38784,"minecraft:damage_taken":225,"minecraft:mob_kills":2,"minecraft:drop":3,"minecraft:damage_dealt":320,"minecraft:interact_with_crafting_table":6,"minecraft:swim_one_cm":947,"minecraft:fly_one_cm":461024,"minecraft:open_chest":6,"minecraft:crouch_one_cm":482,"minecraft:play_time":27818,"minecraft:sneak_time":612,"minecraft:walk_under_water_one_cm":2228,"minecraft:jump":566,"minecraft:leave_game":2,"minecraft:time_since_death":27818,"minecraft:walk_on_water_one_cm":1272,"minecraft:total_world_time":27818,"minecraft:fall_one_cm":20203,"minecraft:opened_chance_cube":1}},"DataVersion":3465}