{"stats":{"minecraft:killed":{"minecraft:cave_spider":2,"alexsmobs:raccoon":1,"minecraft:spider":8,"minecraft:endermite":1,"minecraft:skeleton":4,"alexsmobs:leafcutter_ant":1,"minecraft:chicken":2,"minecraft:silverfish":2,"epicsamurai:enenra":1,"minecraft:wolf":1,"minecraft:husk":7,"minecraft:pig":6,"minecraft:zombie_villager":1,"minecraft:bat":3,"minecraft:ravager":1,"minecraft:creeper":3,"minecraft:squid":8,"minecraft:sheep":11,"minecraft:pillager":1,"minecraft:zombie":18,"alexsmobs:terrapin":1,"alexsmobs:fly":5,"minecraft:villager":2,"minecraft:cow":6},"minecraft:picked_up":{"minecraft:wooden_axe":1,"minecraft:fishing_rod":1,"minecraft:iron_chestplate":5,"minecraft:cocoa_beans":3,"minecraft:crafting_table":11,"minecraft:azure_bluet":10,"minecraft:ladder":1,"minecraft:chicken":1,"aether:iron_gloves":2,"minecraft:wooden_pickaxe":3,"biomesoplenty:jacaranda_sapling":3,"minecraft:enchanted_book":2,"minecraft:diamond_horse_armor":1,"minecraft:gilded_blackstone":41,"gravestone:obituary":2,"ad_astra:sky_stone":1,"minecraft:shield":1,"minecraft:music_disc_cat":2,"minecraft:string":173,"minecraft:red_bed":1,"minecraft:ocelot_spawn_egg":1,"minecraft:flint_and_steel":1,"minecraft:iron_leggings":3,"biomesoplenty:tall_lavender":16,"minecraft:compass":1,"minecraft:gold_nugget":142,"minecraft:cobbled_deepslate":61,"minecraft:beef":24,"minecraft:written_book":1,"minecraft:iron_pickaxe":2,"minecraft:iron_boots":2,"minecraft:furnace":2,"minecraft:stick":3,"minecraft:raw_iron":97,"minecraft:torch":107,"minecraft:fire_charge":2,"minecraft:porkchop":10,"minecraft:diorite":8,"minecraft:arrow":6,"minecraft:rotten_flesh":13,"biomesoplenty:jacaranda_log":48,"minecraft:hay_block":45,"minecraft:end_rod":2,"minecraft:saddle":2,"minecraft:mutton":20,"minecraft:white_wool":11,"minecraft:cobblestone":100,"minecraft:oxeye_daisy":4,"biomesoplenty:lavender":201,"simplyswords:iron_katana":1,"minecraft:clock":1,"minecraft:feather":1,"minecraft:glow_ink_sac":3,"minecraft:andesite":15,"minecraft:leather":5,"minecraft:jungle_wood":1,"minecraft:tuff":10,"minecraft:oak_log":45,"minecraft:yellow_bed":4,"biomesoplenty:jacaranda_planks":173,"minecraft:gunpowder":6,"minecraft:dirt":393,"minecraft:bone":36,"minecraft:wheat_seeds":23,"minecraft:wild_armor_trim_smithing_template":2,"minecraft:iron_ingot":67,"minecraft:iron_ore":96,"epicsamurai:aquamarine":18,"minecraft:iron_sword":3,"epicsamurai:raw_silver":58,"minecraft:oak_planks":10,"minecraft:music_disc_13":1,"minecraft:red_wool":5,"minecraft:dandelion":4,"minecraft:raw_iron_block":2,"ad_astra:moon_sand":1,"minecraft:gravel":1,"minecraft:ink_sac":26,"minecraft:white_bed":9,"minecraft:spider_eye":1,"alexsmobs:animal_dictionary":1,"minecraft:diamond":20,"chancecubes:chance_cube":16,"minecraft:iron_helmet":2,"minecraft:granite":12,"minecraft:golden_apple":1,"minecraft:bread":60,"minecraft:emerald":10,"alexsmobs:maggot":2,"minecraft:oak_sapling":2,"minecraft:coal":89,"unusualprehistory:mezo_fossil":6},"minecraft:dropped":{"minecraft:bread":41,"minecraft:iron_sword":4,"minecraft:porkchop":8,"minecraft:wheat_seeds":4,"minecraft:clock":1,"minecraft:glow_ink_sac":3,"minecraft:diamond":4,"unusualprehistory:mezo_fossil":6,"biomesoplenty:lavender":1,"minecraft:feather":3,"minecraft:apple":4,"minecraft:saddle":1,"minecraft:coal":2,"minecraft:golden_apple":1,"minecraft:end_rod":1,"minecraft:stick":1,"minecraft:oxeye_daisy":2,"minecraft:dirt":58,"minecraft:ink_sac":13,"minecraft:mutton":6,"minecraft:wooden_axe":2,"minecraft:fire_charge":1,"minecraft:dead_bush":2458,"minecraft:iron_leggings":1,"gravestone:obituary":6,"minecraft:gold_nugget":95,"minecraft:gilded_blackstone":41,"minecraft:string":55,"minecraft:white_wool":1,"minecraft:music_disc_cat":1,"minecraft:dandelion":2,"minecraft:bone":5,"minecraft:gravel":1,"minecraft:compass":1,"minecraft:cobbled_deepslate":5,"minecraft:cocoa_beans":3,"minecraft:tuff":10,"minecraft:diamond_hoe":1,"minecraft:wheat":1,"minecraft:chicken":1,"minecraft:rotten_flesh":10,"minecraft:oak_planks":4,"epicsamurai:straw_hat":2,"minecraft:azure_bluet":10,"patchouli:guide_book":1,"minecraft:leather_chestplate":1,"minecraft:potato":1,"minecraft:gunpowder":5,"aether:iron_gloves":1,"minecraft:iron_chestplate":3,"minecraft:andesite":8,"minecraft:leather_boots":1,"minecraft:leather_leggings":1,"minecraft:spider_eye":1,"minecraft:wooden_pickaxe":1,"minecraft:stone_pickaxe":1,"ad_astra:moon_sand":1,"minecraft:written_book":1},"minecraft:broken":{"minecraft:stone_axe":1,"minecraft:iron_pickaxe":1},"minecraft:mined":{"minecraft:tuff":13,"minecraft:white_bed":9,"minecraft:deepslate_diamond_ore":3,"alexsmobs:leafcutter_anthill":1,"minecraft:jungle_leaves":10,"biomesoplenty:bush":1,"minecraft:ladder":1,"gravestone:gravestone":6,"minecraft:granite":14,"minecraft:grass_block":233,"epicsamurai:silver_ore":10,"biomesoplenty:flowering_oak_leaves":3,"minecraft:gilded_blackstone":47,"minecraft:hay_block":45,"biomesoplenty:jacaranda_log":47,"minecraft:raw_iron_block":2,"biomesoplenty:tall_lavender":14,"minecraft:furnace":2,"minecraft:fire":1,"minecraft:iron_ore":20,"biomesoplenty:lavender":113,"minecraft:andesite":15,"biomesoplenty:high_grass":1,"minecraft:deepslate_iron_ore":19,"minecraft:vine":1,"epicsamurai:deepslate_silver_ore":19,"minecraft:stone":97,"biomesoplenty:spider_egg":1,"ad_astra:sky_stone":2,"minecraft:podzol":1,"biomesoplenty:jacaranda_leaves":33,"minecraft:glass_pane":1,"minecraft:red_bed":1,"minecraft:blackstone":1,"biomesoplenty:jacaranda_planks":27,"minecraft:soul_fire":2,"epicsamurai:deepslate_aquamarine_ore":9,"minecraft:crafting_table":11,"minecraft:torch":2,"minecraft:emerald_ore":2,"biomesoplenty:high_grass_plant":1,"minecraft:tall_grass":6,"minecraft:glass":5,"minecraft:cobblestone":12,"biomesoplenty:sprout":1,"biomesoplenty:huge_clover_petal":8,"minecraft:oak_planks":6,"minecraft:wall_torch":28,"minecraft:diorite":11,"minecraft:jungle_wood":1,"unusualprehistory:stone_fossil":6,"minecraft:yellow_bed":4,"minecraft:grass":110,"biomesoplenty:clover":4,"minecraft:coal_ore":33,"minecraft:oak_log":45,"minecraft:cocoa":1,"minecraft:end_rod":1,"minecraft:dirt":54,"minecraft:cobweb":1,"biomesoplenty:stringy_cobweb":1,"minecraft:oak_leaves":23,"minecraft:deepslate":57,"minecraft:fern":3},"minecraft:crafted":{"minecraft:oak_planks":180,"minecraft:smooth_stone":3,"epicsamurai:katana":1,"minecraft:raw_iron":18,"ad_astra:steel_ingot":2,"simplyswords:iron_katana":1,"epicsamurai:straw_hat":2,"minecraft:furnace":2,"minecraft:blast_furnace":1,"minecraft:stone":3,"minecraft:iron_axe":1,"minecraft:ladder":24,"usefulbackpacks:backpack_medium":1,"minecraft:stone_pickaxe":1,"biomesoplenty:jacaranda_door":3,"biomesoplenty:jacaranda_stairs":4,"minecraft:wheat":405,"minecraft:cooked_beef":1,"epicsamurai:katana_handle":1,"biomesoplenty:jacaranda_planks":184,"minecraft:crafting_table":3,"minecraft:bucket":1,"minecraft:stone_axe":1,"minecraft:bread":132,"minecraft:air":0,"minecraft:white_wool":16,"minecraft:shield":1,"usefulbackpacks:backpack_large":1,"minecraft:stick":84,"minecraft:iron_ingot":5,"minecraft:iron_pickaxe":1,"minecraft:wooden_axe":1,"minecraft:iron_shovel":1,"minecraft:gold_ingot":2,"minecraft:white_bed":2,"minecraft:torch":44},"minecraft:killed_by":{"minecraft:husk":1,"minecraft:creeper":2,"minecraft:skeleton":2},"minecraft:custom":{"minecraft:mob_kills":102,"minecraft:interact_with_crafting_table":51,"minecraft:open_barrel":18,"minecraft:bell_ring":3,"minecraft:leave_game":7,"minecraft:time_since_death":100798,"minecraft:climb_one_cm":6972,"minecraft:opened_chance_cube":38,"minecraft:sprint_one_cm":757463,"minecraft:walk_one_cm":516222,"minecraft:damage_blocked_by_shield":300,"minecraft:drop":139,"minecraft:talked_to_villager":7,"minecraft:play_time":306691,"minecraft:sneak_time":4048,"minecraft:deaths":6,"minecraft:walk_under_water_one_cm":24592,"minecraft:jump":7340,"minecraft:interact_with_blast_furnace":5,"minecraft:walk_on_water_one_cm":28314,"minecraft:total_world_time":306691,"minecraft:interact_with_furnace":41,"minecraft:raid_trigger":1,"minecraft:sleep_in_bed":25,"minecraft:time_since_rest":33481,"minecraft:damage_taken":6672,"minecraft:damage_dealt":14982,"minecraft:player_kills":1,"minecraft:swim_one_cm":56695,"minecraft:fly_one_cm":1455610,"minecraft:open_chest":109,"minecraft:crouch_one_cm":8762,"minecraft:fall_one_cm":286515,"minecraft:horse_one_cm":4976},"minecraft:used":{"minecraft:iron_shovel":252,"minecraft:ladder":6,"minecraft:shield":7,"minecraft:iron_sword":20,"minecraft:torch":137,"minecraft:dirt":264,"minecraft:mutton":1,"simplyswords:iron_katana":143,"alexsmobs:spawn_egg_centipede":1,"minecraft:granite":12,"alexsmobs:spawn_egg_platypus":1,"minecraft:wooden_axe":20,"alexsmobs:maggot":1,"chancecubes:chance_cube":29,"minecraft:red_wool":5,"minecraft:iron_axe":135,"biomesoplenty:tall_lavender":7,"biomesoplenty:jacaranda_log":2,"minecraft:diamond_chestplate":1,"biomesoplenty:jacaranda_sapling":1,"biomesoplenty:jacaranda_stairs":4,"minecraft:written_book":2,"minecraft:oak_sapling":2,"minecraft:furnace":2,"minecraft:cooked_beef":4,"minecraft:cobbled_deepslate":56,"minecraft:water_bucket":3,"biomesoplenty:jacaranda_door":1,"minecraft:leather_leggings":1,"minecraft:diorite":8,"minecraft:stone_pickaxe":78,"minecraft:oak_planks":74,"minecraft:wooden_pickaxe":37,"biomesoplenty:lavender":4,"minecraft:leather_boots":1,"minecraft:jungle_wood":1,"minecraft:crafting_table":14,"minecraft:red_bed":1,"minecraft:blast_furnace":1,"minecraft:white_bed":11,"biomesoplenty:jacaranda_planks":309,"minecraft:apple":1,"ad_astra:moon_sand":1,"minecraft:bread":125,"minecraft:iron_pickaxe":304,"minecraft:fire_charge":1,"minecraft:stone_axe":73,"minecraft:ocelot_spawn_egg":1,"ad_astra:sky_stone":1,"minecraft:fishing_rod":9,"epicsamurai:katana":31,"minecraft:cobblestone":66,"minecraft:bucket":3,"minecraft:andesite":7,"alexsmobs:animal_dictionary":32,"minecraft:yellow_bed":4,"minecraft:dandelion":13,"minecraft:diamond_leggings":1}},"DataVersion":3465}