{"stats":{"minecraft:killed":{"minecraft:cave_spider":2,"minecraft:salmon":13,"minecraft:spider":1,"minecraft:sheep":5,"alexsmobs:cockroach":1,"alexsmobs:terrapin":1,"alexsmobs:fly":1,"minecraft:cow":3},"minecraft:picked_up":{"biomesoplenty:lavender":12,"minecraft:repeater":3,"minecraft:salmon":11,"minecraft:redstone_lamp":3,"minecraft:leather":3,"biomesoplenty:jacaranda_sapling":3,"minecraft:oak_log":1,"biomesoplenty:jacaranda_planks":9,"minecraft:dirt":117,"minecraft:string":2,"biomesoplenty:tall_lavender":2,"minecraft:wheat_seeds":2,"alexsmobs:cockroach_wing_fragment":1,"minecraft:comparator":3,"minecraft:beef":7,"minecraft:redstone_torch":3,"minecraft:jungle_sapling":4,"minecraft:birch_sapling":4,"minecraft:acacia_sapling":4,"minecraft:dark_oak_sapling":4,"minecraft:dandelion":6,"minecraft:spruce_sapling":4,"minecraft:white_bed":1,"minecraft:redstone":32,"minecraft:lime_carpet":133,"minecraft:rotten_flesh":1,"biomesoplenty:jacaranda_log":14,"minecraft:bone_meal":1,"minecraft:golden_apple":1,"minecraft:bread":3,"alexsmobs:maggot":1,"minecraft:oak_sapling":5,"minecraft:black_wool":16,"minecraft:mutton":10,"minecraft:white_wool":7,"minecraft:cobblestone":2},"minecraft:dropped":{"minecraft:wheat_seeds":2,"minecraft:rotten_flesh":1,"gravestone:obituary":1},"minecraft:mined":{"gravestone:gravestone":1,"minecraft:grass_block":4,"minecraft:lime_carpet":39,"minecraft:tall_grass":2,"biomesoplenty:jacaranda_log":9,"biomesoplenty:lavender":1,"minecraft:grass":5,"minecraft:oak_log":1,"minecraft:dirt":4,"biomesoplenty:spider_egg":1,"minecraft:oak_leaves":2},"minecraft:crafted":{"minecraft:oak_planks":4,"minecraft:cooked_salmon":11,"epicsamurai:cloth":4,"minecraft:charcoal":6,"minecraft:iron_axe":1,"minecraft:stick":8,"minecraft:iron_pickaxe":1,"minecraft:white_bed":1},"minecraft:killed_by":{"minecraft:creeper":1},"minecraft:custom":{"minecraft:interact_with_furnace":8,"minecraft:mob_kills":27,"minecraft:interact_with_crafting_table":4,"minecraft:leave_game":2,"minecraft:time_since_death":67516,"minecraft:sleep_in_bed":2,"minecraft:opened_chance_cube":12,"minecraft:time_since_rest":32333,"minecraft:damage_taken":1305,"minecraft:sprint_one_cm":173264,"minecraft:walk_one_cm":163638,"minecraft:drop":4,"minecraft:damage_dealt":1752,"minecraft:swim_one_cm":173777,"minecraft:fly_one_cm":239418,"minecraft:open_chest":26,"minecraft:crouch_one_cm":14147,"minecraft:play_time":71959,"minecraft:deaths":1,"minecraft:sneak_time":3881,"minecraft:walk_under_water_one_cm":27265,"minecraft:jump":1525,"minecraft:walk_on_water_one_cm":22634,"minecraft:total_world_time":71959,"minecraft:fall_one_cm":48682},"minecraft:used":{"biomesoplenty:lavender":12,"minecraft:cooked_salmon":9,"minecraft:rotten_flesh":10,"minecraft:white_wool":2,"minecraft:dirt":117,"simplyswords:iron_katana":53,"minecraft:white_bed":2,"biomesoplenty:jacaranda_planks":5,"alexsmobs:maggot":1,"minecraft:apple":4,"minecraft:lime_carpet":90,"minecraft:iron_axe":2,"minecraft:bread":1,"biomesoplenty:tall_lavender":2,"biomesoplenty:jacaranda_log":4,"biomesoplenty:jacaranda_sapling":3,"minecraft:cobblestone":2,"minecraft:oak_sapling":1,"alexsmobs:animal_dictionary":2,"minecraft:dandelion":6}},"DataVersion":3465}