{"stats":{"minecraft:killed":{"alexsmobs:dropbear":1,"minecraft:piglin":5,"minecraft:cave_spider":3,"minecraft:salmon":13,"minecraft:spider":1,"epicsamurai:akaname":6,"alexsmobs:crimson_mosquito":1,"minecraft:skeleton":2,"minecraft:sheep":5,"mythicmounts:netherbat":2,"alexsmobs:cockroach":1,"alexsmobs:terrapin":1,"minecraft:ghast":1,"alexsmobs:fly":1,"minecraft:cow":3},"minecraft:picked_up":{"biomesoplenty:lavender":12,"minecraft:repeater":3,"minecraft:golden_carrot":16,"minecraft:salmon":11,"minecraft:redstone_lamp":3,"minecraft:leather":3,"biomesoplenty:flesh":1,"biomesoplenty:jacaranda_sapling":3,"minecraft:oak_log":1,"biomesoplenty:jacaranda_planks":9,"minecraft:gunpowder":1,"minecraft:string":4,"minecraft:dirt":119,"biomesoplenty:tall_lavender":2,"minecraft:bone":1,"alexsmobs:dropbear_claw":1,"minecraft:bow":2,"alexsmobs:blood_sac":1,"minecraft:wheat_seeds":2,"minecraft:gold_nugget":32,"minecraft:comparator":3,"alexsmobs:cockroach_wing_fragment":1,"epicsamurai:akaname_tongue":3,"minecraft:beef":7,"minecraft:redstone_torch":3,"minecraft:jungle_sapling":4,"minecraft:iron_pickaxe":2,"minecraft:birch_sapling":4,"minecraft:acacia_sapling":4,"minecraft:iron_boots":1,"minecraft:golden_helmet":1,"minecraft:dark_oak_sapling":4,"minecraft:stick":1,"minecraft:raw_iron":3,"minecraft:torch":2,"minecraft:dandelion":6,"minecraft:gravel":1,"minecraft:spruce_sapling":4,"minecraft:white_bed":1,"minecraft:redstone":32,"minecraft:spider_eye":1,"minecraft:dark_oak_planks":2,"minecraft:lime_carpet":140,"minecraft:arrow":2,"minecraft:rotten_flesh":1,"biomesoplenty:jacaranda_log":14,"minecraft:iron_helmet":1,"epicsamurai:naginata":1,"minecraft:bone_meal":1,"minecraft:golden_apple":1,"minecraft:bread":54,"minecraft:gold_ingot":8,"alexsmobs:maggot":1,"minecraft:oak_sapling":5,"minecraft:netherrack":297,"minecraft:black_wool":16,"minecraft:mutton":10,"minecraft:coal":109,"minecraft:white_wool":7,"minecraft:cobblestone":11},"minecraft:dropped":{"minecraft:wheat_seeds":2,"minecraft:rotten_flesh":1,"minecraft:lime_carpet":24,"gravestone:obituary":1,"minecraft:spider_eye":1,"minecraft:iron_pickaxe":1},"minecraft:broken":{"minecraft:iron_pickaxe":1},"minecraft:mined":{"minecraft:dark_oak_planks":2,"gravestone:gravestone":1,"minecraft:grass_block":5,"minecraft:lime_carpet":45,"minecraft:tall_grass":2,"minecraft:cobblestone":2,"minecraft:wall_torch":1,"biomesoplenty:pus_bubble":6,"biomesoplenty:jacaranda_log":9,"minecraft:fire":2,"minecraft:iron_ore":2,"biomesoplenty:lavender":1,"biomesoplenty:flesh":1,"minecraft:grass":6,"minecraft:coal_ore":50,"minecraft:oak_log":1,"minecraft:dirt":5,"minecraft:stone":8,"biomesoplenty:spider_egg":1,"minecraft:netherrack":308,"minecraft:oak_leaves":4},"minecraft:crafted":{"minecraft:oak_planks":4,"biomesoplenty:jacaranda_planks":8,"usefulbackpacks:backpack_small":1,"minecraft:cooked_salmon":11,"epicsamurai:cloth":4,"minecraft:bow":2,"minecraft:charcoal":6,"minecraft:shield":1,"minecraft:iron_axe":1,"minecraft:stick":8,"minecraft:iron_pickaxe":1,"minecraft:white_bed":1},"minecraft:killed_by":{"minecraft:creeper":1},"minecraft:custom":{"minecraft:interact_with_furnace":8,"minecraft:mob_kills":46,"minecraft:interact_with_crafting_table":8,"minecraft:leave_game":4,"minecraft:time_since_death":147471,"minecraft:sleep_in_bed":3,"minecraft:climb_one_cm":14376,"minecraft:opened_chance_cube":15,"minecraft:time_since_rest":42211,"minecraft:sprint_one_cm":327100,"minecraft:damage_taken":2118,"minecraft:walk_one_cm":398750,"minecraft:damage_blocked_by_shield":755,"minecraft:drop":30,"minecraft:damage_dealt":5745,"minecraft:swim_one_cm":183372,"minecraft:fly_one_cm":497199,"minecraft:open_chest":67,"minecraft:play_time":151914,"minecraft:crouch_one_cm":29603,"minecraft:sneak_time":7159,"minecraft:deaths":1,"minecraft:walk_under_water_one_cm":30469,"minecraft:jump":3097,"minecraft:walk_on_water_one_cm":26199,"minecraft:total_world_time":151914,"minecraft:fall_one_cm":89362},"minecraft:used":{"minecraft:shield":28,"biomesoplenty:lavender":12,"minecraft:cooked_salmon":9,"minecraft:rotten_flesh":20,"minecraft:netherrack":171,"minecraft:white_wool":2,"minecraft:dirt":119,"simplyswords:iron_katana":66,"epicsamurai:naginata":50,"minecraft:white_bed":2,"biomesoplenty:jacaranda_planks":9,"minecraft:dark_oak_planks":2,"alexsmobs:maggot":1,"minecraft:black_wool":10,"minecraft:apple":4,"minecraft:lime_carpet":116,"minecraft:iron_axe":4,"minecraft:bread":22,"biomesoplenty:tall_lavender":2,"minecraft:iron_pickaxe":370,"biomesoplenty:jacaranda_log":4,"minecraft:gravel":1,"biomesoplenty:jacaranda_sapling":3,"minecraft:cobblestone":6,"minecraft:bow":5,"minecraft:oak_sapling":1,"alexsmobs:animal_dictionary":2,"minecraft:dandelion":6,"biomesoplenty:flesh":1}},"DataVersion":3465}