{"stats":{"minecraft:broken":{"minecraft:wooden_pickaxe":1,"minecraft:iron_pickaxe":2,"minecraft:iron_helmet":1},"minecraft:picked_up":{"minecraft:crafting_table":2,"minecraft:nether_wart":42,"minecraft:redstone_lamp":3,"biomesoplenty:flesh":1,"biomesoplenty:jacaranda_sapling":3,"minecraft:golden_sword":1,"minecraft:string":4,"biomesoplenty:tall_lavender":2,"minecraft:blackstone":1,"alexsmobs:dropbear_claw":3,"alexsmobs:blood_sac":2,"minecraft:gold_nugget":32,"minecraft:comparator":3,"minecraft:bucket":1,"minecraft:beef":8,"epicsamurai:akaname_tongue":3,"minecraft:redstone_torch":3,"minecraft:jungle_sapling":4,"minecraft:iron_pickaxe":2,"minecraft:coal_block":11,"minecraft:birch_sapling":4,"minecraft:egg":1,"minecraft:iron_boots":1,"minecraft:golden_helmet":1,"minecraft:dark_oak_sapling":4,"minecraft:stick":1,"minecraft:raw_iron":3,"mythicmounts:summoning_staff":1,"minecraft:torch":2,"minecraft:porkchop":3,"biomesoplenty:blackstone_spines":1,"epicsamurai:shuriken":8,"minecraft:redstone":32,"minecraft:dark_oak_planks":16,"minecraft:lime_carpet":140,"minecraft:arrow":4,"minecraft:rotten_flesh":3,"biomesoplenty:jacaranda_log":14,"minecraft:diamond_boots":1,"minecraft:gold_ingot":8,"minecraft:saddle":1,"minecraft:mutton":10,"minecraft:bone_block":2,"minecraft:white_wool":7,"minecraft:cobblestone":15,"biomesoplenty:lavender":12,"minecraft:feather":1,"minecraft:basalt":1,"minecraft:repeater":3,"minecraft:golden_carrot":16,"minecraft:crimson_stem":8,"minecraft:salmon":11,"minecraft:jungle_wood":2,"minecraft:leather":3,"minecraft:oak_log":1,"biomesoplenty:jacaranda_planks":9,"minecraft:gunpowder":2,"minecraft:dirt":120,"minecraft:bone":2,"minecraft:bow":3,"minecraft:wheat_seeds":2,"alexsmobs:cockroach_wing_fragment":1,"alexsmobs:blobfish":2,"minecraft:acacia_sapling":4,"minecraft:soul_sand":38,"minecraft:ghast_tear":1,"minecraft:dandelion":6,"minecraft:gravel":1,"minecraft:spruce_sapling":4,"minecraft:white_bed":1,"minecraft:spider_eye":1,"biomesoplenty:hellbark_log":7,"biomesoplenty:bramble":3,"minecraft:iron_helmet":1,"epicsamurai:naginata":1,"minecraft:bone_meal":1,"minecraft:golden_apple":7,"minecraft:bread":54,"alexsmobs:maggot":1,"minecraft:oak_sapling":5,"minecraft:netherrack":457,"minecraft:black_wool":16,"minecraft:coal":109},"minecraft:used":{"minecraft:bone_block":2,"minecraft:shield":48,"biomesoplenty:bramble":3,"minecraft:cooked_salmon":9,"minecraft:rotten_flesh":22,"minecraft:netherrack":274,"minecraft:soul_sand":2,"minecraft:dirt":120,"simplyswords:iron_katana":74,"minecraft:jungle_planks":5,"epicsamurai:naginata":112,"minecraft:dark_oak_planks":2,"alexsmobs:maggot":1,"chancecubes:chance_cube":5,"minecraft:iron_axe":28,"biomesoplenty:tall_lavender":2,"biomesoplenty:jacaranda_log":4,"biomesoplenty:jacaranda_sapling":3,"minecraft:basalt":1,"minecraft:golden_carrot":1,"minecraft:bow":5,"alexsmobs:spawn_egg_blobfish":1,"minecraft:oak_sapling":1,"biomesoplenty:blood_bucket":5,"minecraft:egg":1,"biomesoplenty:flesh":1,"minecraft:blackstone":1,"minecraft:wooden_pickaxe":109,"biomesoplenty:lavender":12,"minecraft:white_wool":2,"minecraft:crafting_table":3,"minecraft:white_bed":2,"epicsamurai:shuriken":8,"biomesoplenty:jacaranda_planks":9,"minecraft:diamond_pickaxe":18,"minecraft:black_wool":10,"minecraft:apple":4,"minecraft:lime_carpet":116,"minecraft:bread":50,"minecraft:iron_pickaxe":432,"minecraft:gravel":1,"minecraft:cobblestone":6,"minecraft:bucket":5,"alexsmobs:animal_dictionary":3,"minecraft:dandelion":6},"minecraft:dropped":{"minecraft:wheat_seeds":2,"minecraft:feather":1,"minecraft:cobblestone":4,"minecraft:stick":3,"minecraft:lime_carpet":24,"gravestone:obituary":1,"minecraft:iron_pickaxe":1,"minecraft:dark_oak_planks":8,"minecraft:gold_ingot":9,"minecraft:rotten_flesh":1,"alexsmobs:blood_sac":1,"minecraft:spider_eye":1,"minecraft:wooden_pickaxe":1,"minecraft:netherrack":1},"minecraft:crafted":{"minecraft:oak_planks":4,"usefulbackpacks:backpack_small":1,"minecraft:bow":2,"minecraft:iron_axe":1,"minecraft:crimson_planks":32,"biomesoplenty:jacaranda_planks":8,"minecraft:crafting_table":2,"minecraft:wooden_pickaxe":2,"minecraft:cooked_salmon":11,"epicsamurai:cloth":4,"minecraft:jungle_planks":8,"minecraft:charcoal":6,"minecraft:diamond_pickaxe":1,"minecraft:shield":1,"minecraft:stick":16,"minecraft:iron_pickaxe":1,"minecraft:white_bed":1},"minecraft:mined":{"minecraft:dark_oak_planks":2,"biomesoplenty:desert_grass":1,"gravestone:gravestone":1,"biomesoplenty:bramble":3,"minecraft:grass_block":6,"minecraft:crimson_roots":1,"minecraft:coal_block":10,"minecraft:nether_wart":40,"minecraft:crimson_stem":8,"biomesoplenty:pus_bubble":6,"biomesoplenty:jacaranda_log":9,"minecraft:iron_ore":2,"minecraft:fire":3,"biomesoplenty:lavender":1,"biomesoplenty:flesh":1,"biomesoplenty:hellbark_log":7,"biomesoplenty:spider_egg":1,"minecraft:stone":12,"minecraft:blackstone":1,"minecraft:soul_sand":38,"minecraft:basalt":1,"minecraft:crafting_table":2,"minecraft:lime_carpet":45,"minecraft:tall_grass":3,"minecraft:cobblestone":2,"minecraft:wall_torch":1,"minecraft:jungle_wood":2,"biomesoplenty:hellbark_leaves":2,"minecraft:grass":7,"minecraft:oak_log":1,"minecraft:coal_ore":50,"minecraft:dirt":5,"minecraft:netherrack":476,"minecraft:oak_leaves":4},"minecraft:custom":{"minecraft:mob_kills":72,"minecraft:interact_with_crafting_table":11,"minecraft:open_barrel":9,"minecraft:leave_game":9,"minecraft:time_since_death":207320,"minecraft:climb_one_cm":14796,"minecraft:opened_chance_cube":22,"minecraft:sprint_one_cm":554781,"minecraft:walk_one_cm":545294,"minecraft:damage_blocked_by_shield":1355,"minecraft:drop":38,"minecraft:play_time":211763,"minecraft:deaths":1,"minecraft:sneak_time":10816,"minecraft:walk_under_water_one_cm":32984,"minecraft:jump":4702,"minecraft:walk_on_water_one_cm":29327,"minecraft:total_world_time":211763,"minecraft:interact_with_furnace":8,"minecraft:sleep_in_bed":3,"minecraft:time_since_rest":102060,"minecraft:damage_taken":3158,"minecraft:damage_dealt":10987,"minecraft:swim_one_cm":195439,"minecraft:fly_one_cm":833895,"minecraft:open_chest":77,"minecraft:crouch_one_cm":40214,"minecraft:fall_one_cm":134737,"minecraft:inspect_dispenser":14,"minecraft:horse_one_cm":29243},"minecraft:killed":{"alexsmobs:dropbear":2,"minecraft:cave_spider":3,"alexsmobs:blobfish":2,"minecraft:spider":1,"minecraft:skeleton":5,"minecraft:piglin":11,"minecraft:husk":2,"minecraft:pig":1,"minecraft:salmon":13,"epicsamurai:akaname":7,"alexsmobs:crimson_mosquito":2,"alexsmobs:emu":1,"minecraft:sheep":5,"minecraft:zombie":2,"alexsmobs:cockroach":1,"mythicmounts:netherbat":4,"alexsmobs:terrapin":1,"minecraft:ghast":2,"alexsmobs:fly":1,"minecraft:wither_skeleton":1,"minecraft:cow":4},"minecraft:killed_by":{"minecraft:creeper":1}},"DataVersion":3465}